iteration,objective_value
1,87.76
2,83.44
3,61.870000000000005
4,98.68
5,61.160000000000004
